,precision,recall,f1-score,support
anger,0.4,0.5,0.4444444444444445,4.0
disgust,0.09090909090909091,0.25,0.13333333333333333,4.0
fear,0.5,0.16666666666666666,0.25,6.0
joy,0.5,0.5,0.5,6.0
neutral,0.4,0.25,0.3076923076923077,8.0
sadness,0.16666666666666666,0.25,0.2,4.0
surprise,0.0,0.0,0.0,4.0
accuracy,0.2777777777777778,0.2777777777777778,0.2777777777777778,0.2777777777777778
macro avg,0.29393939393939394,0.2738095238095238,0.2622100122100122,36.0
weighted avg,0.3286195286195286,0.2777777777777778,0.27979582146248816,36.0
